{
  "id": "wfrp4e-warriors-of-salvation",
  "title": "WFRP4e - Warriors of Salvation",
  "description": "A module with homebrew WFRP 4e Divine Careers written by BigBoss#3259",
  "version": "1.3.0",
  "compatibility": {
    "minimum": "12",
    "verified": "12"
  },
  "authors": [
    {
      "name": "artantares",
      "discord": "artantares",
      "flags": {}
    },
    {
      "name": "BigBoss",
      "discord": "BigBoss#3259",
      "flags": {}
    }
  ],
  "packs": [
    {
      "name": "wos-actors",
      "label": "Actors (Warriors of Salvation)",
      "path": "/packs/actors",
      "type": "Actor",
      "system": "wfrp4e",
      "ownership": {
        "PLAYER": "OBSERVER",
        "ASSISTANT": "OWNER"
      },
      "flags": {}
    },
    {
      "name": "wos-items",
      "label": "Items (Warriors of Salvation)",
      "path": "/packs/items",
      "type": "Item",
      "system": "wfrp4e",
      "ownership": {
        "PLAYER": "OBSERVER",
        "ASSISTANT": "OWNER"
      },
      "flags": {}
    },
    {
      "name": "wos-journals",
      "label": "Journals (Warriors of Salvation)",
      "path": "/packs/journals",
      "type": "JournalEntry",
      "ownership": {
        "PLAYER": "OBSERVER",
        "ASSISTANT": "OWNER"
      },
      "flags": {}
    },
    {
      "name": "wos-rolltables",
      "label": "Roll Tables (Warriors of Salvation)",
      "path": "/packs/rolltables",
      "type": "RollTable",
      "ownership": {
        "PLAYER": "OBSERVER",
        "ASSISTANT": "OWNER"
      },
      "flags": {}
    }
  ],
  "packFolders": [
    {
      "name": "Warriors of Salvation",
      "sorting": "a",
      "packs": [
        "wos-actors",
        "wos-items",
        "wos-journals",
        "wos-rolltables"
      ],
      "color": "#b39e29",
      "folders": []
    }
  ],
  "esmodules": [
    "scripts/init.js"
  ],
  "url": "https://github.com/artptz/wfrp4e-divine",
  "manifest": "https://github.com/artptz/wfrp4e-divine/releases/download/latest/module.json",
  "download": "https://github.com/artptz/wfrp4e-divine/releases/download/v1.3.0/artantares-wos.zip"
}
